{
  "feature_cols": [
    "return_1",
    "return_5",
    "return_10",
    "return_20",
    "vol_5",
    "vol_10",
    "vol_20",
    "atr_14",
    "atr_ratio",
    "dist_sma_20",
    "dist_sma_50",
    "dist_sma_100",
    "rsi_14",
    "rsi_7",
    "bb_position",
    "bb_width",
    "gap_pips",
    "hour_sin",
    "hour_cos",
    "dow_sin",
    "dow_cos",
    "range",
    "body",
    "body_ratio"
  ],
  "feature_importance": {
    "return_1": 0.0186346065169249,
    "return_5": 0.12041242420948255,
    "return_10": 0.026748368295146003,
    "return_20": 0.04619153746002972,
    "vol_5": 0.04374349490226779,
    "vol_10": 0.03542440097480752,
    "vol_20": 0.04356103201720708,
    "atr_14": 0.05441016601223302,
    "atr_ratio": 0.0955633654296813,
    "dist_sma_20": 0.027674979621063113,
    "dist_sma_50": 0.038874154708225875,
    "dist_sma_100": 0.07411247090869785,
    "rsi_14": 0.16725937677433345,
    "rsi_7": 0.03872592672369391,
    "bb_position": 0.05259123738028212,
    "bb_width": 0.045157022558151586,
    "gap_pips": 0.014053945443452322,
    "hour_sin": 0.0027759502525594227,
    "hour_cos": 0.0030235624951547666,
    "dow_sin": 0.008560605608371397,
    "dow_cos": 0.0065788162567236306,
    "range": 0.013436395508270377,
    "body": 0.010186646583303772,
    "body_ratio": 0.012299513359936518
  },
  "strategy_distribution": {
    "NO_TRADE": 2715,
    "MEAN_REVERSION_SELL": 417,
    "MOMENTUM_BUY": 382,
    "MOMENTUM_SELL": 332,
    "MEAN_REVERSION_BUY": 277,
    "BREAKOUT": 209
  },
  "model_type": "GradientBoostingClassifier",
  "n_estimators": 100,
  "max_depth": 4
}